2024-12-01,menstruation,nutrition,Eat foods rich in iron and vitamin C. Combine spinach to help restore energy levels.
2024-12-01,menstruation,nutrition,Stay hydrated. Drinking water or herbal teas can reduce bloating and help you feel refreshed.
2024-12-01,menstruation,nutrition,Include omega-3 sources like salmon or flaxseeds. They can reduce inflammation and ease period cramps.
2024-12-01,menstruation,nutrition,Boost magnesium intake with nuts or dark chocolate. It helps relax muscles and improve mood.
2024-12-01,menstruation,nutrition,Limit caffeine and salty snacks. This reduces water retention and anxiety during hormonal shifts.
2024-12-01,menstruation,nutrition,Add ginger to your meals or tea. It’s great for reducing nausea and calming your stomach.
2024-12-01,menstruation,nutrition,Enjoy bananas or avocados. Their potassium content can reduce bloating and support muscle function.
2024-12-01,menstruation,nutrition,Snack on seeds like sunflower or pumpkin. They’re packed with nutrients that stabilize your energy.
2024-12-01,menstruation,nutrition,Try yogurt with honey and nuts. It supports gut health and balances blood sugar levels.
2024-12-01,menstruation,nutrition,Eat fiber-rich meals like lentil soup or quinoa bowls. They promote digestion and keep you full.
2024-12-01,menstruation,exercise,Do restorative yoga or light stretching. It helps with cramps and encourages relaxation.
2024-12-01,menstruation,exercise,Go for a gentle walk outside. Fresh air and light movement ease tension in your body.
2024-12-01,menstruation,exercise,Try low-impact activities like swimming. They improve circulation and reduce discomfort.
2024-12-01,menstruation,exercise,Use a foam roller for tight muscles. It boosts blood flow and relieves pain in sore areas.
2024-12-01,menstruation,exercise,Practice deep breathing. It reduces stress and can ease physical discomfort effectively.
2024-12-01,menstruation,exercise,Incorporate simple tai chi moves. They improve balance and overall calmness.
2024-12-01,menstruation,exercise,Focus on hip and leg stretches. They relieve tension and enhance overall comfort.
2024-12-01,menstruation,exercise,Do light pilates sessions. These help strengthen your core and support your posture.
2024-12-01,menstruation,exercise,Engage in bodyweight exercises like planks. They build strength without causing strain.
2024-12-01,menstruation,exercise,Take short breaks to stretch during the day. Even 5 minutes can improve circulation.
2024-12-01,menstruation,self-care,Take a warm bath with Epsom salts. It relaxes muscles and reduces cramping quickly.
2024-12-01,menstruation,self-care,Apply a heating pad to your abdomen. This provides instant relief from period pain.
2024-12-01,menstruation,self-care,Meditate for 10 minutes. Focusing on your breath calms your mind and body effectively.
2024-12-01,menstruation,self-care,Read a favorite book or journal your thoughts. These activities help reduce emotional stress.
2024-12-01,menstruation,self-care,Use essential oils like lavender for aromatherapy. It promotes relaxation and better sleep.
2024-12-01,menstruation,self-care,Spend time in nature. A short walk or sitting outside clears your mind and uplifts your mood.
2024-12-01,menstruation,self-care,Wear comfortable clothing. Soft and loose fabrics help you feel relaxed and ease bloating.
2024-12-01,menstruation,self-care,Plan a cozy night with herbal tea and a movie. Simple self-care can uplift your mood.
2024-12-01,menstruation,self-care,Listen to guided meditations or sleep stories. These help you wind down after a long day.
2024-12-01,menstruation,self-care,Treat yourself to a face mask or skincare routine. It’s a small way to nurture yourself.
2024-12-01,menstruation,music,Listen to soft piano or ambient music. These sounds create a calm and peaceful space.
2024-12-01,menstruation,music,Explore playlists with nature sounds like rain or birdsong. They reduce stress effectively.
2024-12-01,menstruation,music,Play acoustic versions of your favorite songs. They provide comfort and emotional resonance.
2024-12-01,menstruation,music,Create a playlist of relaxing jazz. It uplifts your mood without overwhelming your senses.
2024-12-01,menstruation,music,Try binaural beats for focus and relaxation. They’re great for working or winding down.
2024-12-01,menstruation,music,Listen to lo-fi beats while reading or studying. It keeps you calm and concentrated.
2024-12-01,menstruation,music,Discover classical symphonies or gentle string quartets. They bring emotional balance.
2024-12-01,menstruation,music,Add indie folk tracks to your playlist. Their mellow tones can brighten your day.
2024-12-01,menstruation,music,Choose soulful ballads or instrumental tracks. They help you connect with your emotions.
2024-12-01,menstruation,music,Find calming world music. Unique rhythms and melodies can transport you mentally.
2024-12-01,follicular,nutrition,Eat foods rich in iron and vitamin C. Combine spinach to help restore energy levels.
2024-12-01,follicular,nutrition,Stay hydrated. Drinking water or herbal teas can reduce bloating and help you feel refreshed.
2024-12-01,follicular,nutrition,Include omega-3 sources like salmon or flaxseeds. They can reduce inflammation and ease period cramps.
2024-12-01,follicular,nutrition,Boost magnesium intake with nuts or dark chocolate. It helps relax muscles and improve mood.
2024-12-01,follicular,nutrition,Limit caffeine and salty snacks. This reduces water retention and anxiety during hormonal shifts.
2024-12-01,follicular,nutrition,Add ginger to your meals or tea. It’s great for reducing nausea and calming your stomach.
2024-12-01,follicular,nutrition,Enjoy bananas or avocados. Their potassium content can reduce bloating and support muscle function.
2024-12-01,follicular,nutrition,Snack on seeds like sunflower or pumpkin. They’re packed with nutrients that stabilize your energy.
2024-12-01,follicular,nutrition,Try yogurt with honey and nuts. It supports gut health and balances blood sugar levels.
2024-12-01,follicular,nutrition,Eat fiber-rich meals like lentil soup or quinoa bowls. They promote digestion and keep you full.
2024-12-01,follicular,exercise,Do restorative yoga or light stretching. It helps with cramps and encourages relaxation.
2024-12-01,follicular,exercise,Go for a gentle walk outside. Fresh air and light movement ease tension in your body.
2024-12-01,follicular,exercise,Try low-impact activities like swimming. They improve circulation and reduce discomfort.
2024-12-01,follicular,exercise,Use a foam roller for tight muscles. It boosts blood flow and relieves pain in sore areas.
2024-12-01,follicular,exercise,Practice deep breathing. It reduces stress and can ease physical discomfort effectively.
2024-12-01,follicular,exercise,Focus on hip and leg stretches. They relieve tension and enhance overall comfort.
2024-12-01,follicular,exercise,Do light pilates sessions. These help strengthen your core and support your posture.
2024-12-01,follicular,exercise,Engage in bodyweight exercises like planks. They build strength without causing strain.
2024-12-01,follicular,exercise,Take short breaks to stretch during the day. Even 5 minutes can improve circulation.
2024-12-01,follicular,self-care,Take a warm bath with Epsom salts. It relaxes muscles and reduces cramping quickly.
2024-12-01,follicular,self-care,Apply a heating pad to your abdomen. This provides instant relief from period pain.
2024-12-01,follicular,self-care,Meditate for 10 minutes. Focusing on your breath calms your mind and body effectively.
2024-12-01,follicular,self-care,Read a favorite book or journal your thoughts. These activities help reduce emotional stress.
2024-12-01,follicular,self-care,Use essential oils like lavender for aromatherapy. It promotes relaxation and better sleep.
2024-12-01,follicular,self-care,Spend time in nature. A short walk or sitting outside clears your mind and uplifts your mood.
2024-12-01,follicular,self-care,Plan a cozy night with herbal tea and a movie. Simple self-care can uplift your mood.
2024-12-01,follicular,self-care,Listen to guided meditations or sleep stories. These help you wind down after a long day.
2024-12-01,follicular,self-care,Treat yourself to a face mask or skincare routine. It’s a small way to nurture yourself.
2024-12-01,follicular,music,Listen to soft piano or ambient music. These sounds create a calm and peaceful space.
2024-12-01,follicular,music,Explore playlists with nature sounds like rain or birdsong. They reduce stress effectively.
2024-12-01,follicular,music,Play acoustic versions of your favorite songs. They provide comfort and emotional resonance.
2024-12-01,follicular,music,Create a playlist of relaxing jazz. It uplifts your mood without overwhelming your senses.
2024-12-01,follicular,music,Try binaural beats for focus and relaxation. They’re great for working or winding down.
2024-12-01,follicular,music,Listen to lo-fi beats while reading or studying. It keeps you calm and concentrated.
2024-12-01,follicular,music,Discover classical symphonies or gentle string quartets. They bring emotional balance.
2024-12-01,follicular,music,Add indie folk tracks to your playlist. Their mellow tones can brighten your day.
2024-12-01,follicular,music,Choose soulful ballads or instrumental tracks. They help you connect with your emotions.
2024-12-01,follicular,music,Find calming world music. Unique rhythms and melodies can transport you mentally.
2024-12-01,ovulation,nutrition,Stay hydrated. Drinking water or herbal teas can reduce bloating and help you feel refreshed.
2024-12-01,ovulation,nutrition,Include omega-3 sources like salmon or flaxseeds. They can reduce inflammation and ease period cramps.
2024-12-01,ovulation,nutrition,Boost magnesium intake with nuts or dark chocolate. It helps relax muscles and improve mood.
2024-12-01,ovulation,nutrition,Limit caffeine and salty snacks. This reduces water retention and anxiety during hormonal shifts.
2024-12-01,ovulation,nutrition,Add ginger to your meals or tea. It’s great for reducing nausea and calming your stomach.
2024-12-01,ovulation,nutrition,Enjoy bananas or avocados. Their potassium content can reduce bloating and support muscle function.
2024-12-01,ovulation,nutrition,Snack on seeds like sunflower or pumpkin. They’re packed with nutrients that stabilize your energy.
2024-12-01,ovulation,nutrition,Try yogurt with honey and nuts. It supports gut health and balances blood sugar levels.
2024-12-01,ovulation,nutrition,Eat fiber-rich meals like lentil soup or quinoa bowls. They promote digestion and keep you full.
2024-12-01,ovulation,exercise,Do restorative yoga or light stretching. It helps with cramps and encourages relaxation.
2024-12-01,ovulation,exercise,Go for a gentle walk outside. Fresh air and light movement ease tension in your body.
2024-12-01,ovulation,exercise,Try low-impact activities like swimming. They improve circulation and reduce discomfort.
2024-12-01,ovulation,exercise,Use a foam roller for tight muscles. It boosts blood flow and relieves pain in sore areas.
2024-12-01,ovulation,exercise,Practice deep breathing. It reduces stress and can ease physical discomfort effectively.
2024-12-01,ovulation,exercise,Focus on hip and leg stretches. They relieve tension and enhance overall comfort.
2024-12-01,ovulation,exercise,Do light pilates sessions. These help strengthen your core and support your posture.
2024-12-01,ovulation,exercise,Engage in bodyweight exercises like planks. They build strength without causing strain.
2024-12-01,ovulation,exercise,Take short breaks to stretch during the day. Even 5 minutes can improve circulation.
2024-12-01,ovulation,self-care,Take a warm bath with Epsom salts. It relaxes muscles and reduces cramping quickly.
2024-12-01,ovulation,self-care,Apply a heating pad to your abdomen. This provides instant relief from period pain.
2024-12-01,ovulation,self-care,Meditate for 10 minutes. Focusing on your breath calms your mind and body effectively.
2024-12-01,ovulation,self-care,Read a favorite book or journal your thoughts. These activities help reduce emotional stress.
2024-12-01,ovulation,self-care,Use essential oils like lavender for aromatherapy. It promotes relaxation and better sleep.
2024-12-01,ovulation,self-care,Spend time in nature. A short walk or sitting outside clears your mind and uplifts your mood.
2024-12-01,ovulation,self-care,Plan a cozy night with herbal tea and a movie. Simple self-care can uplift your mood.
2024-12-01,ovulation,self-care,Listen to guided meditations or sleep stories. These help you wind down after a long day.
2024-12-01,ovulation,self-care,Treat yourself to a face mask or skincare routine. It’s a small way to nurture yourself.
2024-12-01,ovulation,music,Listen to soft piano or ambient music. These sounds create a calm and peaceful space.
2024-12-01,ovulation,music,Explore playlists with nature sounds like rain or birdsong. They reduce stress effectively.
2024-12-01,ovulation,music,Play acoustic versions of your favorite songs. They provide comfort and emotional resonance.
2024-12-01,ovulation,music,Create a playlist of relaxing jazz. It uplifts your mood without overwhelming your senses.
2024-12-01,ovulation,music,Try binaural beats for focus and relaxation. They’re great for working or winding down.
2024-12-01,ovulation,music,Listen to lo-fi beats while reading or studying. It keeps you calm and concentrated.
2024-12-01,ovulation,music,Discover classical symphonies or gentle string quartets. They bring emotional balance.
2024-12-01,ovulation,music,Add indie folk tracks to your playlist. Their mellow tones can brighten your day.
2024-12-01,ovulation,music,Choose soulful ballads or instrumental tracks. They help you connect with your emotions.
2024-12-01,ovulation,music,Find calming world music. Unique rhythms and melodies can transport you mentally.
2024-12-01,luteal,nutrition,Eat foods rich in iron and vitamin C. Combine spinach\, citrus fruits\, or beans to help restore energy levels.
2024-12-01,luteal,nutrition,Stay hydrated. Drinking water or herbal teas can reduce bloating and help you feel refreshed.
2024-12-01,luteal,nutrition,Include omega-3 sources like salmon or flaxseeds. They can reduce inflammation and ease period cramps.
2024-12-01,luteal,nutrition,Boost magnesium intake with nuts or dark chocolate. It helps relax muscles and improve mood.
2024-12-01,luteal,nutrition,Limit caffeine and salty snacks. This reduces water retention and anxiety during hormonal shifts.
2024-12-01,luteal,nutrition,Add ginger to your meals or tea. It’s great for reducing nausea and calming your stomach.
2024-12-01,luteal,nutrition,Enjoy bananas or avocados. Their potassium content can reduce bloating and support muscle function.
2024-12-01,luteal,nutrition,Snack on seeds like sunflower or pumpkin. They’re packed with nutrients that stabilize your energy.
2024-12-01,luteal,nutrition,Try yogurt with honey and nuts. It supports gut health and balances blood sugar levels.
2024-12-01,luteal,nutrition,Eat fiber-rich meals like lentil soup or quinoa bowls. They promote digestion and keep you full.
2024-12-01,luteal,exercise,Do restorative yoga or light stretching. It helps with cramps and encourages relaxation.
2024-12-01,luteal,exercise,Go for a gentle walk outside. Fresh air and light movement ease tension in your body.
2024-12-01,luteal,exercise,Try low-impact activities like swimming. They improve circulation and reduce discomfort.
2024-12-01,luteal,exercise,Use a foam roller for tight muscles. It boosts blood flow and relieves pain in sore areas.
2024-12-01,luteal,exercise,Practice deep breathing. It reduces stress and can ease physical discomfort effectively.
2024-12-01,luteal,exercise,Incorporate simple tai chi moves. They improve balance, flexibility and overall calmness.
2024-12-01,luteal,exercise,Focus on hip and leg stretches. They relieve tension and enhance overall comfort.
2024-12-01,luteal,exercise,Do light pilates sessions. These help strengthen your core and support your posture.
2024-12-01,luteal,exercise,Engage in bodyweight exercises like planks. They build strength without causing strain.
2024-12-01,luteal,exercise,Take short breaks to stretch during the day. Even 5 minutes can improve circulation.
2024-12-01,luteal,self-care,Take a warm bath with Epsom salts. It relaxes muscles and reduces cramping quickly.
2024-12-01,luteal,self-care,Apply a heating pad to your abdomen. This provides instant relief from period pain.
2024-12-01,luteal,self-care,Meditate for 10 minutes. Focusing on your breath calms your mind and body effectively.
2024-12-01,luteal,self-care,Read a favorite book or journal your thoughts. These activities help reduce emotional stress.
2024-12-01,luteal,self-care,Use essential oils like lavender for aromatherapy. It promotes relaxation and better sleep.
2024-12-01,luteal,self-care,Spend time in nature. A short walk or sitting outside clears your mind and uplifts your mood.
2024-12-01,luteal,self-care,Wear comfortable clothing. Soft and loose fabrics help you feel relaxed and ease bloating.
2024-12-01,luteal,self-care,Plan a cozy night with herbal tea and a movie. Simple self-care can uplift your mood.
2024-12-01,luteal,self-care,Listen to guided meditations or sleep stories. These help you wind down after a long day.
2024-12-01,luteal,self-care,Treat yourself to a face mask or skincare routine. It’s a small way to nurture yourself.
2024-12-01,luteal,music,Listen to soft piano or ambient music. These sounds create a calm and peaceful space.
2024-12-01,luteal,music,Explore playlists with nature sounds like rain or birdsong. They reduce stress effectively.
2024-12-01,luteal,music,Play acoustic versions of your favorite songs. They provide comfort and emotional resonance.
2024-12-01,luteal,music,Create a playlist of relaxing jazz. It uplifts your mood without overwhelming your senses.
2024-12-01,luteal,music,Try binaural beats for focus and relaxation. They’re great for working or winding down.
2024-12-01,luteal,music,Listen to lo-fi beats while reading or studying. It keeps you calm and concentrated.
2024-12-01,luteal,music,Discover classical symphonies or gentle string quartets. They bring emotional balance.
2024-12-01,luteal,music,Add indie folk tracks to your playlist. Their mellow tones can brighten your day.
2024-12-01,luteal,music,Choose soulful ballads or instrumental tracks. They help you connect with your emotions.